{"name":"9f29fcb8-6566-47de-aaa2-d31acd88cf97","id":"/providers/Microsoft.Flow/flows/9f29fcb8-6566-47de-aaa2-d31acd88cf97","type":"Microsoft.Flow/flows","properties":{"apiId":"/providers/Microsoft.PowerApps/apis/shared_logicflows","displayName":"Prod - Return to Workplace Email Notification","definition":{"metadata":{"workflowEntityId":null,"flowclientsuspensionreason":"None","flowclientsuspensiontime":null,"creator":{"id":"437f5926-5eb7-45a1-b278-904a9439b04a","type":"User","tenantId":"740c5fd3-6e8b-4176-9cc9-454dbe4e62c4"},"provisioningMethod":"FromDefinition","failureAlertSubscription":true,"clientLastModifiedTime":"2020-11-24T14:46:54.7098887Z"},"$schema":"https://schema.management.azure.com/providers/Microsoft.Logic/schemas/2016-06-01/workflowdefinition.json#","contentVersion":"1.0.0.0","parameters":{"$connections":{"defaultValue":{},"type":"Object"},"$authentication":{"defaultValue":{},"type":"SecureObject"}},"triggers":{"Recurrence":{"recurrence":{"frequency":"Day","interval":1,"timeZone":"Eastern Standard Time","schedule":{"hours":["7","13"],"minutes":[0]}},"type":"Recurrence"}},"actions":{"Initialize_EmployeeRecord":{"runAfter":{},"type":"InitializeVariable","inputs":{"variables":[{"name":"EmployeeRecord","type":"string","value":" <table style=\"border: 1px solid black; border-collapse: collapse;\">\n        <th style=\"border: 1px solid black; border-collapse: collapse;\">Employee/Employés</th>\n        <th style=\"border: 1px solid black; border-collapse: collapse;\">Start/Commence &nbsp;</th>\n        <th style=\"border: 1px solid black; border-collapse: collapse;\">End/Fin &nbsp;&nbsp;&nbsp;</th>\n        <th style=\"border: 1px solid black; border-collapse: collapse;\">Visitors/ Visiteurs   &nbsp;</th>\n        <th style=\"border: 1px solid black; border-collapse: collapse;\">Floor/Étage   &nbsp;&nbsp;</th>\n        <th style=\"border: 1px solid black; border-collapse: collapse;\">Manager/Gestionnaire</th>"}]}},"Get_Floors":{"runAfter":{"Initialize_BuildingName":["Succeeded"]},"metadata":{"flowSystemMetadata":{"swaggerOperationId":"GetItems"}},"type":"ApiConnection","inputs":{"host":{"connection":{"name":"@parameters('$connections')['shared_sharepointonline_1']['connectionId']"},"api":{"runtimeUrl":"https://canada-001.azure-apim.net/apim/sharepointonline"}},"method":"get","path":"/datasets/@{encodeURIComponent(encodeURIComponent('https://007gc.sharepoint.com/sites/RetourauLieudeTravail-ReturntotheWorkplace'))}/tables/@{encodeURIComponent(encodeURIComponent('8b781f00-b313-43f9-9175-5288fe25ee16'))}/items","authentication":"@parameters('$authentication')"},"runtimeConfiguration":{"paginationPolicy":{"minimumItemCount":5000}}},"Initialize_BuildingName":{"runAfter":{"Initialize_Weekend_EmployeeRecord":["Succeeded"]},"type":"InitializeVariable","inputs":{"variables":[{"name":"BuildingName","type":"string"}]}},"Get_Buildings":{"runAfter":{"Get_Floors":["Succeeded"]},"metadata":{"flowSystemMetadata":{"swaggerOperationId":"GetItems"}},"type":"ApiConnection","inputs":{"host":{"connection":{"name":"@parameters('$connections')['shared_sharepointonline_1']['connectionId']"},"api":{"runtimeUrl":"https://canada-001.azure-apim.net/apim/sharepointonline"}},"method":"get","path":"/datasets/@{encodeURIComponent(encodeURIComponent('https://007gc.sharepoint.com/sites/RetourauLieudeTravail-ReturntotheWorkplace'))}/tables/@{encodeURIComponent(encodeURIComponent('c81bd0d5-8d0f-4182-ba3f-43e51978bbcf'))}/items","authentication":"@parameters('$authentication')"},"runtimeConfiguration":{"paginationPolicy":{"minimumItemCount":5000}}},"Condition":{"actions":{"Get_AccessRequests_2":{"runAfter":{},"metadata":{"flowSystemMetadata":{"swaggerOperationId":"GetItems"}},"type":"ApiConnection","inputs":{"host":{"connection":{"name":"@parameters('$connections')['shared_sharepointonline_1']['connectionId']"},"api":{"runtimeUrl":"https://canada-001.azure-apim.net/apim/sharepointonline"}},"method":"get","path":"/datasets/@{encodeURIComponent(encodeURIComponent('https://007gc.sharepoint.com/sites/RetourauLieudeTravail-ReturntotheWorkplace'))}/tables/@{encodeURIComponent(encodeURIComponent('36e39b82-b729-4441-a9f0-1217381da0a2'))}/items","queries":{"$filter":"EntryDate eq ' @{formatDateTime(utcNow(), 'MM-dd-yyyy')}' and Status eq 'A'","$orderby":"EmployeeName asc"},"authentication":"@parameters('$authentication')"},"runtimeConfiguration":{"paginationPolicy":{"minimumItemCount":5000}}},"Get_BuildingEmails_2":{"runAfter":{"Get_AccessRequests_2":["Succeeded"]},"metadata":{"flowSystemMetadata":{"swaggerOperationId":"GetItems"}},"type":"ApiConnection","inputs":{"host":{"connection":{"name":"@parameters('$connections')['shared_sharepointonline_1']['connectionId']"},"api":{"runtimeUrl":"https://canada-001.azure-apim.net/apim/sharepointonline"}},"method":"get","path":"/datasets/@{encodeURIComponent(encodeURIComponent('https://007gc.sharepoint.com/sites/RetourauLieudeTravail-ReturntotheWorkplace'))}/tables/@{encodeURIComponent(encodeURIComponent('535ae07f-fead-447c-b4f5-9aac67182c3a'))}/items","queries":{"$filter":"DailyUpdate eq '1'"},"authentication":"@parameters('$authentication')"},"runtimeConfiguration":{"paginationPolicy":{"minimumItemCount":5000}}},"Apply_to_each_Building_2":{"foreach":"@body('Get_BuildingEmails_2')?['value']","actions":{"Filter_AccessRequest_2":{"runAfter":{},"type":"Query","inputs":{"from":"@body('Get_AccessRequests_2')?['value']","where":"@equals(item()?['BuildingID'], items('Apply_to_each_Building_2')?['Title'])"}},"Apply_to_each_2":{"foreach":"@body('Filter_AccessRequest_2')","actions":{"Filter_Floors_2":{"runAfter":{},"type":"Query","inputs":{"from":"@body('Get_Floors')?['value']","where":"@equals(item()?['Title'], items('Apply_to_each_2')?['FloorID'])"}},"Append_to_string_variable_2":{"runAfter":{"Filter_Floors_2":["Succeeded"]},"type":"AppendToStringVariable","inputs":{"name":"EmployeeRecord","value":"<tr><td style=\"border: 1px solid black; border-collapse: collapse;\">  @{items('Apply_to_each_2')?['EmployeeName']} &nbsp;</td><td style=\"border: 1px solid black; border-collapse: collapse;\"> @{items('Apply_to_each_2')?['StartHour']} &nbsp; </td><td style=\"border: 1px solid black; border-collapse: collapse;\">@{items('Apply_to_each_2')?['EndHour']}  &nbsp;</td><td style=\"border: 1px solid black; border-collapse: collapse;\"> @{items('Apply_to_each_2')?['VisitorCount']}  &nbsp;</td><td style=\"border: 1px solid black; border-collapse: collapse;\"> @{first(body('Filter_Floors_2'))?['FloorEnglishText']}  &nbsp; </td> <td style=\"border: 1px solid black; border-collapse: collapse;\">@{items('Apply_to_each_2')?['ManagerName']}</td>\n</tr>"}}},"runAfter":{"Set_BuildingName_2":["Succeeded"]},"type":"Foreach"},"Reset_EmployeeRecord_2":{"runAfter":{"Send_an_email_(V2)":["Succeeded"]},"type":"SetVariable","inputs":{"name":"EmployeeRecord","value":" <table style=\"border: 1px solid black; border-collapse: collapse;\">\n        <th style=\"border: 1px solid black; border-collapse: collapse;\">Employee/Employés</th>\n        <th style=\"border: 1px solid black; border-collapse: collapse;\">Start/Commence &nbsp;</th>\n        <th style=\"border: 1px solid black; border-collapse: collapse;\">End/Fin &nbsp;&nbsp;&nbsp;</th>\n        <th style=\"border: 1px solid black; border-collapse: collapse;\">Visitors/ Visiteurs   &nbsp;</th>\n        <th style=\"border: 1px solid black; border-collapse: collapse;\">Floor/Étage   &nbsp;&nbsp;</th>\n        <th style=\"border: 1px solid black; border-collapse: collapse;\">Manager/Gestionnaire</th>"}},"Filter_Buildings_2":{"runAfter":{"Filter_AccessRequest_2":["Succeeded"]},"type":"Query","inputs":{"from":"@body('Get_Buildings')?['value']","where":"@equals(item()?['Title'], items('Apply_to_each_Building_2')?['Title'])"}},"Set_BuildingName_2":{"runAfter":{"Filter_Buildings_2":["Succeeded"]},"type":"SetVariable","inputs":{"name":"BuildingName","value":"@{first(body('Filter_Buildings_2'))?['BuildingEnglishText']}"}},"Close_table_2":{"runAfter":{"Apply_to_each_2":["Succeeded"]},"type":"AppendToStringVariable","inputs":{"name":"EmployeeRecord","value":"</table>"}},"Send_an_email_(V2)":{"runAfter":{"Close_table_2":["Succeeded"]},"metadata":{"flowSystemMetadata":{"swaggerOperationId":"SendEmailV2"}},"type":"ApiConnection","inputs":{"host":{"connection":{"name":"@parameters('$connections')['shared_office365_1']['connectionId']"},"api":{"runtimeUrl":"https://canada-001.azure-apim.net/apim/office365"}},"method":"post","body":{"To":"@items('Apply_to_each_Building_2')?['ContactList']","Subject":"@{variables('BuildingName')}: RLT-RTW @{formatDateTime(utcNow(), 'MM-dd-yyyy')}","Body":"<p><strong>List of employees for:</strong> @{formatDateTime(utcNow(), 'MM-dd-yyyy')}<br>\n<strong>Liste des employés pour:</strong> @{formatDateTime(utcNow(), 'MM-dd-yyyy')}<br>\n<br>\n@{if(greater(length(body('Filter_AccessRequest_2')), 0), variables('EmployeeRecord'), 'There are no employees scheduled to arrive. <br/>')}</p>","Importance":"Normal"},"path":"/v2/Mail","authentication":"@parameters('$authentication')"}}},"runAfter":{"Get_BuildingEmails_2":["Succeeded"]},"type":"Foreach"}},"runAfter":{"Get_Buildings":["Succeeded"]},"else":{"actions":{"Condition_2":{"actions":{"Get_AccessRequests_3":{"runAfter":{},"metadata":{"flowSystemMetadata":{"swaggerOperationId":"GetItems"}},"type":"ApiConnection","inputs":{"host":{"connection":{"name":"@parameters('$connections')['shared_sharepointonline_1']['connectionId']"},"api":{"runtimeUrl":"https://canada-001.azure-apim.net/apim/sharepointonline"}},"method":"get","path":"/datasets/@{encodeURIComponent(encodeURIComponent('https://007gc.sharepoint.com/sites/RetourauLieudeTravail-ReturntotheWorkplace'))}/tables/@{encodeURIComponent(encodeURIComponent('36e39b82-b729-4441-a9f0-1217381da0a2'))}/items","queries":{"$filter":"(EntryDate eq '@{formatDateTime(addDays(utcNow(),1,'MM-dd-yyyy'))}' or EntryDate eq '@{formatDateTime(addDays(utcNow(),2,'MM-dd-yyyy'))}') and Status eq 'A'","$orderby":"EntryDate asc, EmployeeName asc"},"authentication":"@parameters('$authentication')"},"runtimeConfiguration":{"paginationPolicy":{"minimumItemCount":5000}}},"Get_BuildingEmails_3":{"runAfter":{"Get_AccessRequests_3":["Succeeded"]},"metadata":{"flowSystemMetadata":{"swaggerOperationId":"GetItems"}},"type":"ApiConnection","inputs":{"host":{"connection":{"name":"@parameters('$connections')['shared_sharepointonline_1']['connectionId']"},"api":{"runtimeUrl":"https://canada-001.azure-apim.net/apim/sharepointonline"}},"method":"get","path":"/datasets/@{encodeURIComponent(encodeURIComponent('https://007gc.sharepoint.com/sites/RetourauLieudeTravail-ReturntotheWorkplace'))}/tables/@{encodeURIComponent(encodeURIComponent('535ae07f-fead-447c-b4f5-9aac67182c3a'))}/items","authentication":"@parameters('$authentication')"},"runtimeConfiguration":{"paginationPolicy":{"minimumItemCount":5000}}},"Apply_to_each_Building_3":{"foreach":"@body('Get_BuildingEmails_3')?['value']","actions":{"Filter_AccessRequest_3":{"runAfter":{},"type":"Query","inputs":{"from":"@body('Get_AccessRequests_3')?['value']","where":"@equals(item()?['BuildingID'], items('Apply_to_each_Building_3')?['Title'])"}},"Apply_to_each_3":{"foreach":"@body('Filter_AccessRequest_3')","actions":{"Filter_Floors_3":{"runAfter":{},"type":"Query","inputs":{"from":"@body('Get_Floors')?['value']","where":"@equals(item()?['Title'], items('Apply_to_each_3')?['FloorID'])"}},"Append_to_string_variable_3":{"runAfter":{"Filter_Floors_3":["Succeeded"]},"type":"AppendToStringVariable","inputs":{"name":"WeekendEmployeeRecord","value":"<tr><td style=\"border: 1px solid black; border-collapse: collapse;\">@{items('Apply_to_each_3')?['EntryDate']}   &nbsp;</td><td style=\"border: 1px solid black; border-collapse: collapse;\">  @{items('Apply_to_each_3')?['EmployeeName']} &nbsp;</td><td style=\"border: 1px solid black; border-collapse: collapse;\"> @{items('Apply_to_each_3')?['StartHour']} &nbsp; </td><td style=\"border: 1px solid black; border-collapse: collapse;\">@{items('Apply_to_each_3')?['EndHour']}  &nbsp;</td><td style=\"border: 1px solid black; border-collapse: collapse;\"> @{items('Apply_to_each_3')?['VisitorCount']}  &nbsp;</td><td style=\"border: 1px solid black; border-collapse: collapse;\"> @{first(body('Filter_Floors_3'))?['FloorEnglishText']}  &nbsp; </td> <td style=\"border: 1px solid black; border-collapse: collapse;\">@{items('Apply_to_each_3')?['ManagerName']}</td>\n</tr>"}}},"runAfter":{"Set_BuildingName_3":["Succeeded"]},"type":"Foreach"},"Reset_EmployeeRecord_3":{"runAfter":{"Send_an_email_(V2)_3":["Succeeded"]},"type":"SetVariable","inputs":{"name":"WeekendEmployeeRecord","value":" <table style=\"border: 1px solid black; border-collapse: collapse;\">\n        <th style=\"border: 1px solid black; border-collapse: collapse;\">Date</th>\n        <th style=\"border: 1px solid black; border-collapse: collapse;\">Employee/Employés</th>\n        <th style=\"border: 1px solid black; border-collapse: collapse;\">Start/Commence &nbsp;</th>\n        <th style=\"border: 1px solid black; border-collapse: collapse;\">End/Fin &nbsp;&nbsp;&nbsp;</th>\n        <th style=\"border: 1px solid black; border-collapse: collapse;\">Visitors/ Visiteurs   &nbsp;</th>\n        <th style=\"border: 1px solid black; border-collapse: collapse;\">Floor/Étage   &nbsp;&nbsp;</th>\n        <th style=\"border: 1px solid black; border-collapse: collapse;\">Manager/Gestionnaire</th>"}},"Filter_Buildings_3":{"runAfter":{"Filter_AccessRequest_3":["Succeeded"]},"type":"Query","inputs":{"from":"@body('Get_Buildings')?['value']","where":"@equals(item()?['Title'], items('Apply_to_each_Building_3')?['Title'])"}},"Set_BuildingName_3":{"runAfter":{"Filter_Buildings_3":["Succeeded"]},"type":"SetVariable","inputs":{"name":"BuildingName","value":"@{first(body('Filter_Buildings_3'))?['BuildingEnglishText']}"}},"Close_table_3":{"runAfter":{"Apply_to_each_3":["Succeeded"]},"type":"AppendToStringVariable","inputs":{"name":"WeekendEmployeeRecord","value":"</table>"}},"Send_an_email_(V2)_3":{"runAfter":{"Close_table_3":["Succeeded"]},"metadata":{"flowSystemMetadata":{"swaggerOperationId":"SendEmailV2"}},"type":"ApiConnection","inputs":{"host":{"connection":{"name":"@parameters('$connections')['shared_office365_1']['connectionId']"},"api":{"runtimeUrl":"https://canada-001.azure-apim.net/apim/office365"}},"method":"post","body":{"To":"@items('Apply_to_each_Building_3')?['ContactList']","Subject":"@{variables('BuildingName')}: RLT-RTW Weekend Report @{formatDateTime(addDays(utcNow(),1,'MM-dd-yyyy'),'MM-dd-yyyy')} - @{formatDateTime(addDays(utcNow(),2,'MM-dd-yyyy'),'MM-dd-yyyy')}","Body":"<p><strong>List of employees for:</strong> @{formatDateTime(addDays(utcNow(),1,'MM-dd-yyyy'),'MM-dd-yyyy')} - @{formatDateTime(addDays(utcNow(),2,'MM-dd-yyyy'),'MM-dd-yyyy')}<br>\n<strong>Liste des employés pour:</strong> @{formatDateTime(addDays(utcNow(),1,'MM-dd-yyyy'),'MM-dd-yyyy')} - @{formatDateTime(addDays(utcNow(),2,'MM-dd-yyyy'),'MM-dd-yyyy')}<br>\n<br>\n<strong></strong><strong>@{if(greater(length(body('Filter_AccessRequest_3')), 0), variables('WeekendEmployeeRecord'), 'There are no employees scheduled to arrive. <br/>')}</strong><strong></strong></p>","Attachments":[{"Name":"@body('Get_file_metadata_2')?['Name']","ContentBytes":"@{base64(body('Get_file_content_2'))}"}],"Importance":"Normal"},"path":"/v2/Mail","authentication":"@parameters('$authentication')"}}},"runAfter":{"Get_file_content_2":["Succeeded"]},"type":"Foreach"},"Get_file_metadata_2":{"runAfter":{"Get_BuildingEmails_3":["Succeeded"]},"metadata":{"%252fShared%2bDocuments%252fBypassApprovalList.xlsx":"/Shared Documents/BypassApprovalList.xlsx","flowSystemMetadata":{"swaggerOperationId":"GetFileMetadata"}},"type":"ApiConnection","inputs":{"host":{"connection":{"name":"@parameters('$connections')['shared_sharepointonline_1']['connectionId']"},"api":{"runtimeUrl":"https://canada-001.azure-apim.net/apim/sharepointonline"}},"method":"get","path":"/datasets/@{encodeURIComponent(encodeURIComponent('https://007gc.sharepoint.com/sites/RetourauLieudeTravail-ReturntotheWorkplace'))}/files/@{encodeURIComponent('%252fShared%2bDocuments%252fBypassApprovalList.xlsx')}","authentication":"@parameters('$authentication')"}},"Get_file_content_2":{"runAfter":{"Get_file_metadata_2":["Succeeded"]},"metadata":{"%252fShared%2bDocuments%252fBypassApprovalList.xlsx":"/Shared Documents/BypassApprovalList.xlsx","flowSystemMetadata":{"swaggerOperationId":"GetFileContent"}},"type":"ApiConnection","inputs":{"host":{"connection":{"name":"@parameters('$connections')['shared_sharepointonline_1']['connectionId']"},"api":{"runtimeUrl":"https://canada-001.azure-apim.net/apim/sharepointonline"}},"method":"get","path":"/datasets/@{encodeURIComponent(encodeURIComponent('https://007gc.sharepoint.com/sites/RetourauLieudeTravail-ReturntotheWorkplace'))}/files/@{encodeURIComponent('%252fShared%2bDocuments%252fBypassApprovalList.xlsx')}/content","queries":{"inferContentType":true},"authentication":"@parameters('$authentication')"}}},"runAfter":{},"else":{"actions":{"Condition_3":{"actions":{"Get_AccessRequests":{"runAfter":{},"metadata":{"flowSystemMetadata":{"swaggerOperationId":"GetItems"}},"type":"ApiConnection","inputs":{"host":{"connection":{"name":"@parameters('$connections')['shared_sharepointonline_1']['connectionId']"},"api":{"runtimeUrl":"https://canada-001.azure-apim.net/apim/sharepointonline"}},"method":"get","path":"/datasets/@{encodeURIComponent(encodeURIComponent('https://007gc.sharepoint.com/sites/RetourauLieudeTravail-ReturntotheWorkplace'))}/tables/@{encodeURIComponent(encodeURIComponent('36e39b82-b729-4441-a9f0-1217381da0a2'))}/items","queries":{"$filter":"EntryDate eq ' @{formatDateTime(addDays(utcNow(),1,'MM-dd-yyyy'))}' and Status eq 'A'","$orderby":"EmployeeName asc"},"authentication":"@parameters('$authentication')"},"runtimeConfiguration":{"paginationPolicy":{"minimumItemCount":5000}}},"Get_BuildingEmails":{"runAfter":{"Get_AccessRequests":["Succeeded"]},"metadata":{"flowSystemMetadata":{"swaggerOperationId":"GetItems"}},"type":"ApiConnection","inputs":{"host":{"connection":{"name":"@parameters('$connections')['shared_sharepointonline_1']['connectionId']"},"api":{"runtimeUrl":"https://canada-001.azure-apim.net/apim/sharepointonline"}},"method":"get","path":"/datasets/@{encodeURIComponent(encodeURIComponent('https://007gc.sharepoint.com/sites/RetourauLieudeTravail-ReturntotheWorkplace'))}/tables/@{encodeURIComponent(encodeURIComponent('535ae07f-fead-447c-b4f5-9aac67182c3a'))}/items","authentication":"@parameters('$authentication')"},"runtimeConfiguration":{"paginationPolicy":{"minimumItemCount":5000}}},"Get_file_metadata":{"runAfter":{"Get_BuildingEmails":["Succeeded"]},"metadata":{"%252fShared%2bDocuments%252fBypassApprovalList.xlsx":"/Shared Documents/BypassApprovalList.xlsx","flowSystemMetadata":{"swaggerOperationId":"GetFileMetadata"}},"type":"ApiConnection","inputs":{"host":{"connection":{"name":"@parameters('$connections')['shared_sharepointonline_1']['connectionId']"},"api":{"runtimeUrl":"https://canada-001.azure-apim.net/apim/sharepointonline"}},"method":"get","path":"/datasets/@{encodeURIComponent(encodeURIComponent('https://007gc.sharepoint.com/sites/RetourauLieudeTravail-ReturntotheWorkplace'))}/files/@{encodeURIComponent('%252fShared%2bDocuments%252fBypassApprovalList.xlsx')}","authentication":"@parameters('$authentication')"}},"Get_file_content":{"runAfter":{"Get_file_metadata":["Succeeded"]},"metadata":{"%252fShared%2bDocuments%252fBypassApprovalList.xlsx":"/Shared Documents/BypassApprovalList.xlsx","flowSystemMetadata":{"swaggerOperationId":"GetFileContent"}},"type":"ApiConnection","inputs":{"host":{"connection":{"name":"@parameters('$connections')['shared_sharepointonline_1']['connectionId']"},"api":{"runtimeUrl":"https://canada-001.azure-apim.net/apim/sharepointonline"}},"method":"get","path":"/datasets/@{encodeURIComponent(encodeURIComponent('https://007gc.sharepoint.com/sites/RetourauLieudeTravail-ReturntotheWorkplace'))}/files/@{encodeURIComponent('%252fShared%2bDocuments%252fBypassApprovalList.xlsx')}/content","queries":{"inferContentType":true},"authentication":"@parameters('$authentication')"}},"Apply_to_each_Building":{"foreach":"@body('Get_BuildingEmails')?['value']","actions":{"Filter_AccessRequest":{"runAfter":{},"type":"Query","inputs":{"from":"@body('Get_AccessRequests')?['value']","where":"@equals(item()?['BuildingID'], items('Apply_to_each_Building')?['Title'])"}},"Apply_to_each":{"foreach":"@body('Filter_AccessRequest')","actions":{"Filter_Floors":{"runAfter":{},"type":"Query","inputs":{"from":"@body('Get_Floors')?['value']","where":"@equals(item()?['Title'], items('Apply_to_each')?['FloorID'])"}},"Append_to_string_variable":{"runAfter":{"Filter_Floors":["Succeeded"]},"type":"AppendToStringVariable","inputs":{"name":"EmployeeRecord","value":"<tr><td style=\"border: 1px solid black; border-collapse: collapse;\">  @{items('Apply_to_each')?['EmployeeName']} &nbsp;</td><td style=\"border: 1px solid black; border-collapse: collapse;\"> @{items('Apply_to_each')?['StartHour']} &nbsp; </td><td style=\"border: 1px solid black; border-collapse: collapse;\">@{items('Apply_to_each')?['EndHour']}  &nbsp;</td><td style=\"border: 1px solid black; border-collapse: collapse;\"> @{items('Apply_to_each')?['VisitorCount']}  &nbsp;</td><td style=\"border: 1px solid black; border-collapse: collapse;\"> @{first(body('Filter_Floors'))?['FloorEnglishText']}  &nbsp; </td> <td style=\"border: 1px solid black; border-collapse: collapse;\">@{items('Apply_to_each')?['ManagerName']}</td>\n</tr>"}}},"runAfter":{"Set_BuildingName":["Succeeded"]},"type":"Foreach"},"Reset_EmployeeRecord":{"runAfter":{"Send_an_email_(V2)_2":["Succeeded"]},"type":"SetVariable","inputs":{"name":"EmployeeRecord","value":" <table style=\"border: 1px solid black; border-collapse: collapse;\">\n        <th style=\"border: 1px solid black; border-collapse: collapse;\">Employee/Employés</th>\n        <th style=\"border: 1px solid black; border-collapse: collapse;\">Start/Commence &nbsp;</th>\n        <th style=\"border: 1px solid black; border-collapse: collapse;\">End/Fin &nbsp;&nbsp;&nbsp;</th>\n        <th style=\"border: 1px solid black; border-collapse: collapse;\">Visitors/ Visiteurs   &nbsp;</th>\n        <th style=\"border: 1px solid black; border-collapse: collapse;\">Floor/Étage   &nbsp;&nbsp;</th>\n        <th style=\"border: 1px solid black; border-collapse: collapse;\">Manager/Gestionnaire</th>"}},"Filter_Buildings":{"runAfter":{"Filter_AccessRequest":["Succeeded"]},"type":"Query","inputs":{"from":"@body('Get_Buildings')?['value']","where":"@equals(item()?['Title'], items('Apply_to_each_Building')?['Title'])"}},"Set_BuildingName":{"runAfter":{"Filter_Buildings":["Succeeded"]},"type":"SetVariable","inputs":{"name":"BuildingName","value":"@{first(body('Filter_Buildings'))?['BuildingEnglishText']}"}},"Close_table":{"runAfter":{"Apply_to_each":["Succeeded"]},"type":"AppendToStringVariable","inputs":{"name":"EmployeeRecord","value":"</table>"}},"Send_an_email_(V2)_2":{"runAfter":{"Close_table":["Succeeded"]},"metadata":{"flowSystemMetadata":{"swaggerOperationId":"SendEmailV2"}},"type":"ApiConnection","inputs":{"host":{"connection":{"name":"@parameters('$connections')['shared_office365_1']['connectionId']"},"api":{"runtimeUrl":"https://canada-001.azure-apim.net/apim/office365"}},"method":"post","body":{"To":"@items('Apply_to_each_Building')?['ContactList']","Subject":"@{variables('BuildingName')}: RLT-RTW @{formatDateTime(addDays(utcNow(),1,'MM-dd-yyyy'),'MM-dd-yyyy')}","Body":"<p><strong>List of employees for:</strong> @{formatDateTime(addDays(utcNow(),1,'MM-dd-yyyy'),'MM-dd-yyyy')}<br>\n<strong>Liste des employés pour:</strong> @{formatDateTime(addDays(utcNow(),1,'MM-dd-yyyy'),'MM-dd-yyyy')}<br>\n<br>\n@{if(greater(length(body('Filter_AccessRequest')),0),variables('EmployeeRecord'), 'There are no employees scheduled to arrive. <br/>')}</p>","Attachments":[{"Name":"@body('Get_file_metadata')?['Name']","ContentBytes":"@{base64(body('Get_file_content'))}"}],"Importance":"Normal"},"path":"/v2/Mail","authentication":"@parameters('$authentication')"}}},"runAfter":{"Get_file_content":["Succeeded"]},"type":"Foreach"}},"runAfter":{},"expression":{"not":{"equals":["@dayOfWeek(utcNow())",6]}},"type":"If"}}},"expression":{"equals":["@dayOfWeek(utcNow())",5]},"type":"If"}}},"expression":{"equals":["@convertFromUtc(formatDateTime(utcNow()), 'Eastern Standard Time','hh')","07"]},"type":"If"},"Initialize_Weekend_EmployeeRecord":{"runAfter":{"Initialize_EmployeeRecord":["Succeeded"]},"type":"InitializeVariable","inputs":{"variables":[{"name":"WeekendEmployeeRecord","type":"string","value":" <table style=\"border: 1px solid black; border-collapse: collapse;\">\n        <th style=\"border: 1px solid black; border-collapse: collapse;\">Date</th>\n        <th style=\"border: 1px solid black; border-collapse: collapse;\">Employee/Employés</th>\n        <th style=\"border: 1px solid black; border-collapse: collapse;\">Start/Commence &nbsp;</th>\n        <th style=\"border: 1px solid black; border-collapse: collapse;\">End/Fin &nbsp;&nbsp;&nbsp;</th>\n        <th style=\"border: 1px solid black; border-collapse: collapse;\">Visitors/ Visiteurs   &nbsp;</th>\n        <th style=\"border: 1px solid black; border-collapse: collapse;\">Floor/Étage   &nbsp;&nbsp;</th>\n        <th style=\"border: 1px solid black; border-collapse: collapse;\">Manager/Gestionnaire</th>"}]}}},"outputs":{},"description":"On a recurring basis, send email for SharePoint list items."},"connectionReferences":{"shared_sharepointonline_1":{"connectionName":"9fba5d20584d469d9b05123ff9d6754a","source":"Embedded","id":"/providers/Microsoft.PowerApps/apis/shared_sharepointonline","tier":"NotSpecified"},"shared_office365_1":{"connectionName":"shared-office365-69f918ed-c515-4e17-a570-6288-8e8611d8","source":"Embedded","id":"/providers/Microsoft.PowerApps/apis/shared_office365","tier":"NotSpecified"}},"flowFailureAlertSubscribed":false}}