{"name":"bfc94651-98e5-46a8-a7c8-79f17374e085","id":"/providers/Microsoft.Flow/flows/bfc94651-98e5-46a8-a7c8-79f17374e085","type":"Microsoft.Flow/flows","properties":{"apiId":"/providers/Microsoft.PowerApps/apis/shared_logicflows","displayName":"Prod - National Email","definition":{"metadata":{"workflowEntityId":null,"flowclientsuspensionreason":"None","flowclientsuspensiontime":null,"creator":{"id":"437f5926-5eb7-45a1-b278-904a9439b04a","type":"User","tenantId":"740c5fd3-6e8b-4176-9cc9-454dbe4e62c4"},"provisioningMethod":"FromDefinition","failureAlertSubscription":true,"clientLastModifiedTime":"2020-11-24T14:45:33.302995Z"},"$schema":"https://schema.management.azure.com/providers/Microsoft.Logic/schemas/2016-06-01/workflowdefinition.json#","contentVersion":"1.0.0.0","parameters":{"$connections":{"defaultValue":{},"type":"Object"},"$authentication":{"defaultValue":{},"type":"SecureObject"}},"triggers":{"Recurrence":{"recurrence":{"frequency":"Day","interval":1,"timeZone":"Eastern Standard Time","schedule":{"hours":["13"],"minutes":[0]}},"type":"Recurrence"}},"actions":{"Condition":{"actions":{"Get_AccessRequests_2":{"runAfter":{},"metadata":{"flowSystemMetadata":{"swaggerOperationId":"GetItems"}},"type":"ApiConnection","inputs":{"host":{"connection":{"name":"@parameters('$connections')['shared_sharepointonline_1']['connectionId']"},"api":{"runtimeUrl":"https://canada-001.azure-apim.net/apim/sharepointonline"}},"method":"get","path":"/datasets/@{encodeURIComponent(encodeURIComponent('https://007gc.sharepoint.com/sites/RetourauLieudeTravail-ReturntotheWorkplace'))}/tables/@{encodeURIComponent(encodeURIComponent('36e39b82-b729-4441-a9f0-1217381da0a2'))}/items","queries":{"$filter":"(EntryDate eq ' @{formatDateTime(addDays(utcNow(), 1, 'MM-dd-yyyy'))}' or EntryDate eq '@{formatDateTime(addDays(utcNow(), 2, 'MM-dd-yyyy'))}') and Status eq 'A'","$orderby":"StartHour asc, EmployeeName asc"},"authentication":"@parameters('$authentication')"},"runtimeConfiguration":{"paginationPolicy":{"minimumItemCount":5000}}},"Apply_to_each_Building_2":{"foreach":"@body('Get_Buildings')?['value']","actions":{"Filter_AccessRequest_2":{"runAfter":{},"type":"Query","inputs":{"from":"@body('Get_AccessRequests_2')?['value']","where":"@equals(item()?['BuildingID'], items('Apply_to_each_Building_2')?['Title'])"}},"Apply_to_each_2":{"foreach":"@body('Filter_AccessRequest_2')","actions":{"Filter_Floors_2":{"runAfter":{},"type":"Query","inputs":{"from":"@body('Get_Floors')?['value']","where":"@equals(item()?['Title'], items('Apply_to_each_2')?['FloorID'])"}},"Add_a_row_into_a_table_2":{"runAfter":{"Filter_Floors_2":["Succeeded"]},"metadata":{"01NA44KWOWB6X7IK4QDJFZJSV3BWKTCFPO":"/National Report.xlsx","flowSystemMetadata":{"swaggerOperationId":"AddRowV2"},"01NA44KWPZEPTLF2C3L5H23BG5XDYUJUYG":"/National Report.xlsx","01NA44KWKM4YPKIMGMZBCZTJBXQWUYSHNQ":"/National Report.xlsx","01NA44KWJD6KDYG2Z7XJFIIQQSESHVTQZI":"/National Report.xlsx","01NA44KWKPZGGZYSU3VVF3TJYYFKREO4FU":"/National Report - Dev.xlsx","01NA44KWIKVIMKO7SGYJGISXDWI233QBPM":"/National Report.xlsx","01NA44KWO3A3M6TNL72ZFLQAC2Q5VMADBV":"/National Report.xlsx","01NA44KWO2PCZFRUVWNVAIVJYRHVWOE7CT":"/National Report.xlsx","01NA44KWLEAI55KEM3KBEKUZQRCNA4PZSF":"/National Report.xlsx"},"type":"ApiConnection","inputs":{"host":{"connection":{"name":"@parameters('$connections')['shared_excelonlinebusiness_2']['connectionId']"},"api":{"runtimeUrl":"https://canada-001.azure-apim.net/apim/excelonlinebusiness"}},"method":"post","body":{"Building/Bâtiment":"@items('Apply_to_each_Building_2')?['BuildingEnglishText']","Employee/Employés":"@{items('Apply_to_each_2')?['EmployeeName']}","Start/Commence":"@{items('Apply_to_each_2')?['StartHour']}","End/Fin":"@{items('Apply_to_each_2')?['EndHour']}","Visitors/ Visiteurs":"@{items('Apply_to_each_2')?['VisitorCount']}","Floor/Étage":"@{first(body('Filter_Floors_2'))?['FloorEnglishText']}","Manager/Gestionnaire":"@{items('Apply_to_each_2')?['ManagerName']}","Region/Région ":"@items('Apply_to_each_Building_2')?['RegionEnglishText']"},"path":"/codeless/v1.2/drives/@{encodeURIComponent('b!54NYU3Iw-EKM6xBejsLAufwKF2HfjmFLoBncCT9OShbP0mUiSdxzT4GnMmajbVOv')}/items/@{encodeURIComponent('01NA44KWLEAI55KEM3KBEKUZQRCNA4PZSF')}/workbook/tables/@{encodeURIComponent('{00000000-000C-0000-FFFF-FFFF00000000}')}/rows","queries":{"source":"groups/c855e422-f1ec-43fd-9726-9c54d1044435"},"authentication":"@parameters('$authentication')"}}},"runAfter":{"Filter_AccessRequest_2":["Succeeded"]},"type":"Foreach"}},"runAfter":{"Get_AccessRequests_2":["Succeeded"]},"type":"Foreach"},"Delay_2":{"runAfter":{"Apply_to_each_Building_2":["Succeeded"]},"type":"Wait","inputs":{"interval":{"count":5,"unit":"Minute"}}},"Get_file_metadata_2":{"runAfter":{"Delay_2":["Succeeded"]},"metadata":{"%252fShared%2bDocuments%252fNational%2bReport.xlsx":"/Shared Documents/National Report.xlsx","flowSystemMetadata":{"swaggerOperationId":"GetFileMetadata"},"%252fShared%2bDocuments%252fNational%2bReport%2b-%2bDev.xlsx":"/Shared Documents/National Report - Dev.xlsx"},"type":"ApiConnection","inputs":{"host":{"connection":{"name":"@parameters('$connections')['shared_sharepointonline_1']['connectionId']"},"api":{"runtimeUrl":"https://canada-001.azure-apim.net/apim/sharepointonline"}},"method":"get","path":"/datasets/@{encodeURIComponent(encodeURIComponent('https://007gc.sharepoint.com/sites/RetourauLieudeTravail-ReturntotheWorkplace'))}/files/@{encodeURIComponent('%252fShared%2bDocuments%252fNational%2bReport.xlsx')}","authentication":"@parameters('$authentication')"}},"Get_file_content_2":{"runAfter":{"Get_file_metadata_2":["Succeeded"]},"metadata":{"%252fShared%2bDocuments%252fNational%2bReport.xlsx":"/Shared Documents/National Report.xlsx","flowSystemMetadata":{"swaggerOperationId":"GetFileContent"},"%252fShared%2bDocuments%252fNational%2bReport%2b-%2bDev.xlsx":"/Shared Documents/National Report - Dev.xlsx"},"type":"ApiConnection","inputs":{"host":{"connection":{"name":"@parameters('$connections')['shared_sharepointonline_1']['connectionId']"},"api":{"runtimeUrl":"https://canada-001.azure-apim.net/apim/sharepointonline"}},"method":"get","path":"/datasets/@{encodeURIComponent(encodeURIComponent('https://007gc.sharepoint.com/sites/RetourauLieudeTravail-ReturntotheWorkplace'))}/files/@{encodeURIComponent('%252fShared%2bDocuments%252fNational%2bReport.xlsx')}/content","queries":{"inferContentType":true},"authentication":"@parameters('$authentication')"}},"Send_an_email_(V2)_2":{"runAfter":{"Get_file_content_2":["Succeeded"]},"metadata":{"flowSystemMetadata":{"swaggerOperationId":"SendEmailV2"}},"type":"ApiConnection","inputs":{"host":{"connection":{"name":"@parameters('$connections')['shared_office365_1']['connectionId']"},"api":{"runtimeUrl":"https://canada-001.azure-apim.net/apim/office365"}},"method":"post","body":{"To":"@variables('ContactList')","Subject":"National Site Access Schedule: @{formatDateTime(addDays(utcNow(), 1, 'MM-dd-yyyy'), 'MM-dd-yyyy')} - @{formatDateTime(addDays(utcNow(), 2, 'MM-dd-yyyy'), 'MM-dd-yyyy')}","Body":"<p>Attached please find the latest report schedule for approved access to ECCC sites that you are subscribed to. Veuillez trouver ci-joint le dernier calendrier des rapports pour l'accès approuvé aux sites d’ECCC auxquels vous êtes abonné.</p>","Attachments":[{"Name":"@{concat(formatDateTime(addDays(utcNow(), 1, 'MM-dd-yyyy'), 'MM-dd-yyyy'), '-', formatDateTime(addDays(utcNow(), 2, 'MM-dd-yyyy'), 'MM-dd-yyyy'), '_', body('Get_file_metadata_2')?['DisplayName'])}","ContentBytes":"@{base64(body('Get_file_content_2'))}"}],"Importance":"Normal"},"path":"/v2/Mail","authentication":"@parameters('$authentication')"}}},"runAfter":{"Apply_to_each_3":["Succeeded"]},"else":{"actions":{"Get_AccessRequests":{"runAfter":{},"metadata":{"flowSystemMetadata":{"swaggerOperationId":"GetItems"}},"type":"ApiConnection","inputs":{"host":{"connection":{"name":"@parameters('$connections')['shared_sharepointonline_1']['connectionId']"},"api":{"runtimeUrl":"https://canada-001.azure-apim.net/apim/sharepointonline"}},"method":"get","path":"/datasets/@{encodeURIComponent(encodeURIComponent('https://007gc.sharepoint.com/sites/RetourauLieudeTravail-ReturntotheWorkplace'))}/tables/@{encodeURIComponent(encodeURIComponent('36e39b82-b729-4441-a9f0-1217381da0a2'))}/items","queries":{"$filter":"EntryDate eq ' @{formatDateTime(addDays(utcNow(),1,'MM-dd-yyyy'))}' and Status eq 'A'","$orderby":"StartHour asc, EmployeeName asc"},"authentication":"@parameters('$authentication')"},"runtimeConfiguration":{"paginationPolicy":{"minimumItemCount":5000}}},"Apply_to_each_Building":{"foreach":"@body('Get_Buildings')?['value']","actions":{"Filter_AccessRequest":{"runAfter":{},"type":"Query","inputs":{"from":"@body('Get_AccessRequests')?['value']","where":"@equals(item()?['BuildingID'], items('Apply_to_each_Building')?['Title'])"}},"Apply_to_each":{"foreach":"@body('Filter_AccessRequest')","actions":{"Filter_Floors":{"runAfter":{},"type":"Query","inputs":{"from":"@body('Get_Floors')?['value']","where":"@equals(item()?['Title'], items('Apply_to_each')?['FloorID'])"}},"Add_a_row_into_a_table":{"runAfter":{"Filter_Floors":["Succeeded"]},"metadata":{"01NA44KWOWB6X7IK4QDJFZJSV3BWKTCFPO":"/National Report.xlsx","flowSystemMetadata":{"swaggerOperationId":"AddRowV2"},"01NA44KWPZEPTLF2C3L5H23BG5XDYUJUYG":"/National Report.xlsx","01NA44KWKM4YPKIMGMZBCZTJBXQWUYSHNQ":"/National Report.xlsx","01NA44KWJD6KDYG2Z7XJFIIQQSESHVTQZI":"/National Report.xlsx","01NA44KWKPZGGZYSU3VVF3TJYYFKREO4FU":"/National Report - Dev.xlsx","01NA44KWIKVIMKO7SGYJGISXDWI233QBPM":"/National Report.xlsx","01NA44KWO3A3M6TNL72ZFLQAC2Q5VMADBV":"/National Report.xlsx","01NA44KWO2PCZFRUVWNVAIVJYRHVWOE7CT":"/National Report.xlsx","01NA44KWLEAI55KEM3KBEKUZQRCNA4PZSF":"/National Report.xlsx"},"type":"ApiConnection","inputs":{"host":{"connection":{"name":"@parameters('$connections')['shared_excelonlinebusiness_2']['connectionId']"},"api":{"runtimeUrl":"https://canada-001.azure-apim.net/apim/excelonlinebusiness"}},"method":"post","body":{"Building/Bâtiment":"@items('Apply_to_each_Building')?['BuildingEnglishText']","Employee/Employés":"@{items('Apply_to_each')?['EmployeeName']}","Start/Commence":"@{items('Apply_to_each')?['StartHour']}","End/Fin":"@{items('Apply_to_each')?['EndHour']}","Visitors/ Visiteurs":"@{items('Apply_to_each')?['VisitorCount']}","Floor/Étage":"@{first(body('Filter_Floors'))?['FloorEnglishText']}","Manager/Gestionnaire":"@{items('Apply_to_each')?['ManagerName']}","Region/Région ":"@items('Apply_to_each_Building')?['RegionEnglishText']"},"path":"/codeless/v1.2/drives/@{encodeURIComponent('b!54NYU3Iw-EKM6xBejsLAufwKF2HfjmFLoBncCT9OShbP0mUiSdxzT4GnMmajbVOv')}/items/@{encodeURIComponent('01NA44KWLEAI55KEM3KBEKUZQRCNA4PZSF')}/workbook/tables/@{encodeURIComponent('{00000000-000C-0000-FFFF-FFFF00000000}')}/rows","queries":{"source":"groups/c855e422-f1ec-43fd-9726-9c54d1044435"},"authentication":"@parameters('$authentication')"}}},"runAfter":{"Filter_AccessRequest":["Succeeded"]},"type":"Foreach"}},"runAfter":{"Get_AccessRequests":["Succeeded"]},"type":"Foreach"},"Delay":{"runAfter":{"Apply_to_each_Building":["Succeeded"]},"type":"Wait","inputs":{"interval":{"count":5,"unit":"Minute"}}},"Get_file_metadata":{"runAfter":{"Delay":["Succeeded"]},"metadata":{"%252fShared%2bDocuments%252fNational%2bReport.xlsx":"/Shared Documents/National Report.xlsx","flowSystemMetadata":{"swaggerOperationId":"GetFileMetadata"},"%252fShared%2bDocuments%252fNational%2bReport%2b-%2bDev.xlsx":"/Shared Documents/National Report - Dev.xlsx"},"type":"ApiConnection","inputs":{"host":{"connection":{"name":"@parameters('$connections')['shared_sharepointonline_1']['connectionId']"},"api":{"runtimeUrl":"https://canada-001.azure-apim.net/apim/sharepointonline"}},"method":"get","path":"/datasets/@{encodeURIComponent(encodeURIComponent('https://007gc.sharepoint.com/sites/RetourauLieudeTravail-ReturntotheWorkplace'))}/files/@{encodeURIComponent('%252fShared%2bDocuments%252fNational%2bReport.xlsx')}","authentication":"@parameters('$authentication')"}},"Get_file_content":{"runAfter":{"Get_file_metadata":["Succeeded"]},"metadata":{"%252fShared%2bDocuments%252fNational%2bReport.xlsx":"/Shared Documents/National Report.xlsx","flowSystemMetadata":{"swaggerOperationId":"GetFileContent"},"%252fShared%2bDocuments%252fNational%2bReport%2b-%2bDev.xlsx":"/Shared Documents/National Report - Dev.xlsx"},"type":"ApiConnection","inputs":{"host":{"connection":{"name":"@parameters('$connections')['shared_sharepointonline_1']['connectionId']"},"api":{"runtimeUrl":"https://canada-001.azure-apim.net/apim/sharepointonline"}},"method":"get","path":"/datasets/@{encodeURIComponent(encodeURIComponent('https://007gc.sharepoint.com/sites/RetourauLieudeTravail-ReturntotheWorkplace'))}/files/@{encodeURIComponent('%252fShared%2bDocuments%252fNational%2bReport.xlsx')}/content","queries":{"inferContentType":true},"authentication":"@parameters('$authentication')"}},"Send_an_email_(V2)":{"runAfter":{"Get_file_content":["Succeeded"]},"metadata":{"flowSystemMetadata":{"swaggerOperationId":"SendEmailV2"}},"type":"ApiConnection","inputs":{"host":{"connection":{"name":"@parameters('$connections')['shared_office365_1']['connectionId']"},"api":{"runtimeUrl":"https://canada-001.azure-apim.net/apim/office365"}},"method":"post","body":{"To":"@variables('ContactList')","Subject":"National Site Access Schedule: @{formatDateTime(addDays(utcNow(),1,'MM-dd-yyyy'),'MM-dd-yyyy')}","Body":"<p>Attached please find the latest report schedule for approved access to ECCC sites that you are subscribed to. Veuillez trouver ci-joint le dernier calendrier des rapports pour l'accès approuvé aux sites d’ECCC auxquels vous êtes abonné.</p>","Attachments":[{"Name":"@{concat(formatDateTime(addDays(utcNow(),1,'MM-dd-yyyy'),'MM-dd-yyyy'),'_',body('Get_file_metadata')?['DisplayName'])}","ContentBytes":"@{base64(body('Get_file_content'))}"}],"Importance":"Normal"},"path":"/v2/Mail","authentication":"@parameters('$authentication')"}}}},"expression":{"equals":["@dayOfWeek(utcNow())",5]},"type":"If"},"Initialize_ContactList":{"runAfter":{},"type":"InitializeVariable","inputs":{"variables":[{"name":"ContactList","type":"string","value":"ec.securite-rcn-security-ncr.ec@canada.ca; ec.securitequebec-securityquebec.ec@canada.ca; ec.securiteon-securityon.ec@canada.ca; Sandy.Regala@canada.ca; Lori.Nelson@canada.ca; David.Luciani@canada.ca; EC.SecuriteAtlantiqueQuebec-SecurityAtlanticQuebec.EC@canada.ca; lorne.loft@canada.ca"}]}},"Get_Floors":{"runAfter":{"Initialize_ContactList":["Succeeded"]},"metadata":{"flowSystemMetadata":{"swaggerOperationId":"GetItems"}},"type":"ApiConnection","inputs":{"host":{"connection":{"name":"@parameters('$connections')['shared_sharepointonline_1']['connectionId']"},"api":{"runtimeUrl":"https://canada-001.azure-apim.net/apim/sharepointonline"}},"method":"get","path":"/datasets/@{encodeURIComponent(encodeURIComponent('https://007gc.sharepoint.com/sites/RetourauLieudeTravail-ReturntotheWorkplace'))}/tables/@{encodeURIComponent(encodeURIComponent('8b781f00-b313-43f9-9175-5288fe25ee16'))}/items","authentication":"@parameters('$authentication')"},"runtimeConfiguration":{"paginationPolicy":{"minimumItemCount":5000}}},"Get_Buildings":{"runAfter":{"Get_Floors":["Succeeded"]},"metadata":{"flowSystemMetadata":{"swaggerOperationId":"GetItems"}},"type":"ApiConnection","inputs":{"host":{"connection":{"name":"@parameters('$connections')['shared_sharepointonline_1']['connectionId']"},"api":{"runtimeUrl":"https://canada-001.azure-apim.net/apim/sharepointonline"}},"method":"get","path":"/datasets/@{encodeURIComponent(encodeURIComponent('https://007gc.sharepoint.com/sites/RetourauLieudeTravail-ReturntotheWorkplace'))}/tables/@{encodeURIComponent(encodeURIComponent('c81bd0d5-8d0f-4182-ba3f-43e51978bbcf'))}/items","queries":{"$orderby":"BuildingEnglishText asc"},"authentication":"@parameters('$authentication')"},"runtimeConfiguration":{"paginationPolicy":{"minimumItemCount":5000}}},"List_rows_present_in_a_table":{"runAfter":{"Get_Buildings":["Succeeded"]},"metadata":{"01NA44KWOWB6X7IK4QDJFZJSV3BWKTCFPO":"/National Report.xlsx","flowSystemMetadata":{"swaggerOperationId":"GetItems"},"01NA44KWPZEPTLF2C3L5H23BG5XDYUJUYG":"/National Report.xlsx","01NA44KWKM4YPKIMGMZBCZTJBXQWUYSHNQ":"/National Report.xlsx","01NA44KWJD6KDYG2Z7XJFIIQQSESHVTQZI":"/National Report.xlsx","01NA44KWKPZGGZYSU3VVF3TJYYFKREO4FU":"/National Report - Dev.xlsx","01NA44KWIKVIMKO7SGYJGISXDWI233QBPM":"/National Report.xlsx","01NA44KWO3A3M6TNL72ZFLQAC2Q5VMADBV":"/National Report.xlsx","01NA44KWO2PCZFRUVWNVAIVJYRHVWOE7CT":"/National Report.xlsx","01NA44KWLEAI55KEM3KBEKUZQRCNA4PZSF":"/National Report.xlsx"},"type":"ApiConnection","inputs":{"host":{"connection":{"name":"@parameters('$connections')['shared_excelonlinebusiness_3']['connectionId']"},"api":{"runtimeUrl":"https://canada-001.azure-apim.net/apim/excelonlinebusiness"}},"method":"get","path":"/drives/@{encodeURIComponent('b!54NYU3Iw-EKM6xBejsLAufwKF2HfjmFLoBncCT9OShbP0mUiSdxzT4GnMmajbVOv')}/files/@{encodeURIComponent('01NA44KWLEAI55KEM3KBEKUZQRCNA4PZSF')}/tables/@{encodeURIComponent('{00000000-000C-0000-FFFF-FFFF00000000}')}/items","queries":{"source":"groups/c855e422-f1ec-43fd-9726-9c54d1044435"},"authentication":"@parameters('$authentication')"}},"Apply_to_each_3":{"foreach":"@body('List_rows_present_in_a_table')?['value']","actions":{"Delete_a_row":{"runAfter":{},"metadata":{"01NA44KWOWB6X7IK4QDJFZJSV3BWKTCFPO":"/National Report.xlsx","flowSystemMetadata":{"swaggerOperationId":"DeleteItem"},"01NA44KWPZEPTLF2C3L5H23BG5XDYUJUYG":"/National Report.xlsx","01NA44KWKM4YPKIMGMZBCZTJBXQWUYSHNQ":"/National Report.xlsx","01NA44KWJD6KDYG2Z7XJFIIQQSESHVTQZI":"/National Report.xlsx","01NA44KWKPZGGZYSU3VVF3TJYYFKREO4FU":"/National Report - Dev.xlsx","01NA44KWIKVIMKO7SGYJGISXDWI233QBPM":"/National Report.xlsx","01NA44KWO3A3M6TNL72ZFLQAC2Q5VMADBV":"/National Report.xlsx","01NA44KWO2PCZFRUVWNVAIVJYRHVWOE7CT":"/National Report.xlsx","01NA44KWLEAI55KEM3KBEKUZQRCNA4PZSF":"/National Report.xlsx"},"type":"ApiConnection","inputs":{"host":{"connection":{"name":"@parameters('$connections')['shared_excelonlinebusiness_2']['connectionId']"},"api":{"runtimeUrl":"https://canada-001.azure-apim.net/apim/excelonlinebusiness"}},"method":"delete","path":"/drives/@{encodeURIComponent('b!54NYU3Iw-EKM6xBejsLAufwKF2HfjmFLoBncCT9OShbP0mUiSdxzT4GnMmajbVOv')}/files/@{encodeURIComponent('01NA44KWLEAI55KEM3KBEKUZQRCNA4PZSF')}/tables/@{encodeURIComponent('{00000000-000C-0000-FFFF-FFFF00000000}')}/items/@{encodeURIComponent(encodeURIComponent(items('Apply_to_each_3')?['Employee/Employés']))}","queries":{"source":"groups/c855e422-f1ec-43fd-9726-9c54d1044435","idColumn":"Employee/Employés"},"authentication":"@parameters('$authentication')"}}},"runAfter":{"List_rows_present_in_a_table":["Succeeded"]},"type":"Foreach"}},"outputs":{},"description":"On a recurring basis, send email for SharePoint list items."},"connectionReferences":{"shared_sharepointonline_1":{"connectionName":"9fba5d20584d469d9b05123ff9d6754a","source":"Embedded","id":"/providers/Microsoft.PowerApps/apis/shared_sharepointonline","tier":"NotSpecified"},"shared_excelonlinebusiness_2":{"connectionName":"shared-excelonlinebu-2531fee4-1789-44c2-b368-a33c-b9c93222","source":"Embedded","id":"/providers/Microsoft.PowerApps/apis/shared_excelonlinebusiness","tier":"NotSpecified"},"shared_office365_1":{"connectionName":"shared-office365-69f918ed-c515-4e17-a570-6288-8e8611d8","source":"Embedded","id":"/providers/Microsoft.PowerApps/apis/shared_office365","tier":"NotSpecified"},"shared_excelonlinebusiness_3":{"connectionName":"shared-excelonlinebu-2acaa490-e23b-4a6b-84b1-7f79-9fc12fc2","source":"Embedded","id":"/providers/Microsoft.PowerApps/apis/shared_excelonlinebusiness","tier":"NotSpecified"}},"flowFailureAlertSubscribed":false}}