{"name":"b24c96bc-d06b-4dfd-a2ec-bab8cb59abfb","id":"/providers/Microsoft.Flow/flows/b24c96bc-d06b-4dfd-a2ec-bab8cb59abfb","type":"Microsoft.Flow/flows","properties":{"apiId":"/providers/Microsoft.PowerApps/apis/shared_logicflows","displayName":"Prod - Schedueled ByPassApproval Update","definition":{"metadata":{"workflowEntityId":null,"flowclientsuspensionreason":"None","flowclientsuspensiontime":null,"creator":{"id":"3b494673-3d8a-4b13-82e4-f8308d235575","type":"User","tenantId":"740c5fd3-6e8b-4176-9cc9-454dbe4e62c4"},"provisioningMethod":"FromDefinition","failureAlertSubscription":true,"clientLastModifiedTime":"2020-11-23T14:22:11.8428715Z"},"$schema":"https://schema.management.azure.com/providers/Microsoft.Logic/schemas/2016-06-01/workflowdefinition.json#","contentVersion":"1.0.0.0","parameters":{"$connections":{"defaultValue":{},"type":"Object"},"$authentication":{"defaultValue":{},"type":"SecureObject"}},"triggers":{"Recurrence":{"recurrence":{"frequency":"Day","interval":1,"timeZone":"Eastern Standard Time","schedule":{"hours":["12"],"minutes":[0]}},"type":"Recurrence"}},"actions":{"List_rows_present_in_a_table":{"runAfter":{},"metadata":{"01NA44KWLWAKO3CZYLEZBJSQV3YENVMN46":"/BypassApprovalList.xlsx","tableId":"{00000000-000C-0000-FFFF-FFFF00000000}","01NA44KWO3L3XHUT6CINCL26QYVG6RLGEB":"/BypassApprovalList.xlsx"},"type":"OpenApiConnection","inputs":{"host":{"apiId":"/providers/Microsoft.PowerApps/apis/shared_excelonlinebusiness","connectionName":"shared_excelonlinebusiness_1","operationId":"GetItems"},"parameters":{"source":"groups/c855e422-f1ec-43fd-9726-9c54d1044435","drive":"b!54NYU3Iw-EKM6xBejsLAufwKF2HfjmFLoBncCT9OShbP0mUiSdxzT4GnMmajbVOv","file":"01NA44KWO3L3XHUT6CINCL26QYVG6RLGEB","table":"{00000000-000C-0000-FFFF-FFFF00000000}"},"authentication":"@parameters('$authentication')"},"runtimeConfiguration":{"paginationPolicy":{"minimumItemCount":5000}}},"Apply_to_each":{"foreach":"@outputs('List_rows_present_in_a_table')?['body/value']","actions":{"Delete_a_row":{"runAfter":{},"metadata":{"01NA44KWLWAKO3CZYLEZBJSQV3YENVMN46":"/BypassApprovalList.xlsx","tableId":"{00000000-000C-0000-FFFF-FFFF00000000}","01NA44KWO3L3XHUT6CINCL26QYVG6RLGEB":"/BypassApprovalList.xlsx"},"type":"OpenApiConnection","inputs":{"host":{"apiId":"/providers/Microsoft.PowerApps/apis/shared_excelonlinebusiness","connectionName":"shared_excelonlinebusiness_1","operationId":"DeleteItem"},"parameters":{"source":"groups/c855e422-f1ec-43fd-9726-9c54d1044435","drive":"b!54NYU3Iw-EKM6xBejsLAufwKF2HfjmFLoBncCT9OShbP0mUiSdxzT4GnMmajbVOv","file":"01NA44KWO3L3XHUT6CINCL26QYVG6RLGEB","table":"{00000000-000C-0000-FFFF-FFFF00000000}","idColumn":"Employee Email","id":"@items('Apply_to_each')?['Employee Email']"},"authentication":"@parameters('$authentication')"}}},"runAfter":{"List_rows_present_in_a_table":["Succeeded"]},"type":"Foreach"},"Get_items":{"runAfter":{"Apply_to_each":["Succeeded"]},"type":"OpenApiConnection","inputs":{"host":{"apiId":"/providers/Microsoft.PowerApps/apis/shared_sharepointonline","connectionName":"shared_sharepointonline","operationId":"GetItems"},"parameters":{"dataset":"https://007gc.sharepoint.com/sites/RetourauLieudeTravail-ReturntotheWorkplace","table":"fa66bc9a-7c6b-468e-b5a7-a90be0fe7c57","$filter":"BypassApprovalStep eq 1"},"authentication":"@parameters('$authentication')"},"runtimeConfiguration":{"paginationPolicy":{"minimumItemCount":5000}}},"Apply_to_each_2":{"foreach":"@outputs('Get_items')?['body/value']","actions":{"Add_a_row_into_a_table":{"runAfter":{},"metadata":{"01NA44KWLWAKO3CZYLEZBJSQV3YENVMN46":"/BypassApprovalList.xlsx","tableId":"{00000000-000C-0000-FFFF-FFFF00000000}","01NA44KWO3L3XHUT6CINCL26QYVG6RLGEB":"/BypassApprovalList.xlsx"},"type":"OpenApiConnection","inputs":{"host":{"apiId":"/providers/Microsoft.PowerApps/apis/shared_excelonlinebusiness","connectionName":"shared_excelonlinebusiness_1","operationId":"AddRowV2"},"parameters":{"source":"groups/c855e422-f1ec-43fd-9726-9c54d1044435","drive":"b!54NYU3Iw-EKM6xBejsLAufwKF2HfjmFLoBncCT9OShbP0mUiSdxzT4GnMmajbVOv","file":"01NA44KWO3L3XHUT6CINCL26QYVG6RLGEB","table":"{00000000-000C-0000-FFFF-FFFF00000000}","item/Employee Email":"@items('Apply_to_each_2')?['Title']"},"authentication":"@parameters('$authentication')"}}},"runAfter":{"Get_items":["Succeeded"]},"type":"Foreach"}}},"connectionReferences":{"shared_excelonlinebusiness_1":{"connectionName":"shared-excelonlinebu-2531fee4-1789-44c2-b368-a33c-b9c93222","source":"Embedded","id":"/providers/Microsoft.PowerApps/apis/shared_excelonlinebusiness","tier":"NotSpecified"},"shared_sharepointonline":{"connectionName":"8857591ba1554ad6b7c87fd8d561338c","source":"Embedded","id":"/providers/Microsoft.PowerApps/apis/shared_sharepointonline","tier":"NotSpecified"}},"flowFailureAlertSubscribed":false}}